<code_scheme name="Default" version="173">
  <option name="RIGHT_MARGIN" value="80" />
  <JavaCodeStyleSettings>
    <option name="REPLACE_INSTANCEOF_AND_CAST" value="true" />
    <option name="INSERT_INNER_CLASS_IMPORTS" value="true" />
    <option name="CLASS_COUNT_TO_USE_IMPORT_ON_DEMAND" value="999" />
    <option name="NAMES_COUNT_TO_USE_IMPORT_ON_DEMAND" value="999" />
    <option name="PACKAGES_TO_USE_IMPORT_ON_DEMAND">
      <value>
        <package name="javax.swing" withSubpackages="false" static="false" />
      </value>
    </option>
    <option name="IMPORT_LAYOUT_TABLE">
      <value>
        <package name="" withSubpackages="true" static="true" />
        <emptyLine />
        <package name="com.deveryware.ghale" withSubpackages="true" static="false" />
        <emptyLine />
        <package name="com" withSubpackages="true" static="false" />
        <emptyLine />
        <package name="net" withSubpackages="true" static="false" />
        <emptyLine />
        <package name="org" withSubpackages="true" static="false" />
        <emptyLine />
        <package name="java" withSubpackages="true" static="false" />
        <emptyLine />
        <package name="javax" withSubpackages="true" static="false" />
        <emptyLine />
        <package name="eena.apps.xml.ns.pemea" withSubpackages="true" static="false" />
        <emptyLine />
        <package name="ietf.params.xml.ns" withSubpackages="true" static="false" />
        <emptyLine />
        <package name="" withSubpackages="true" static="false" />
        <emptyLine />
      </value>
    </option>
    <option name="ENABLE_JAVADOC_FORMATTING" value="false" />
    <option name="JD_ALIGN_PARAM_COMMENTS" value="false" />
    <option name="JD_ALIGN_EXCEPTION_COMMENTS" value="false" />
    <option name="JD_P_AT_EMPTY_LINES" value="false" />
  </JavaCodeStyleSettings>
</code_scheme>